task,experiment_name,run_dir,window_size,step_size,lstm_units,n_lstm_layers,dense_units,dropout,learning_rate,bidirectional,epochs,n_train_windows,n_val_windows,n_test_windows,window_accuracy,window_precision_macro,window_recall_macro,window_f1_macro,window_f1_micro,window_f1_weighted,recording_accuracy,recording_precision_macro,recording_recall_macro,recording_f1_macro,recording_f1_micro,recording_f1_weighted,dense_units_label,model_label
gait_type,lstm_64x32_win_100_step_50_drop_0.3_lr_0.001,models/lstm_experiments/gait_type/window_100_step_50/lstm_64x32_win_100_step_50_drop_0.3_lr_0.001,100,50,64x32,2,,0.3,0.001,False,14,30901,6012,6986,0.7722588033209276,0.7681831935659541,0.7642233652524565,0.7650404217446826,0.7722588033209276,0.7732219097552214,0.8534278959810875,0.8575697948051884,0.8502938734546875,0.8511894974221054,0.8534278959810875,0.8530514700718385,none,"lstm_64x32_win_100_step_50_drop_0.3_lr_0.001
w=100, step=50, LSTM=64x32, drop=0.3"
gait_type,win20_lstm32,models/lstm_experiments/gait_type/window_20_step_10/win20_lstm32_lstm_32_dense_none_win_20_step_10_drop_0.3_lr_0.001,20,10,32,1,,0.3,0.001,False,9,166932,32812,37496,0.70991572434393,0.7303828123233786,0.7100635077030056,0.7152625845477134,0.70991572434393,0.7115446817490799,0.8424657534246576,0.8444437262084321,0.8379763526340807,0.8395168686623592,0.8424657534246576,0.8440913396717447,none,"win20_lstm32
w=20, step=10, LSTM=32, drop=0.3"
gait_type,win10_lstm15x15,models/lstm_experiments/gait_type/window_10_step_5/win10_lstm15x15_lstm_15x15_dense_none_win_10_step_5_drop_0.2_lr_0.001,10,5,15x15,2,,0.2,0.001,False,8,336921,66318,75620,0.6882174028034911,0.7043804035079957,0.6897641777795782,0.693946100931371,0.6882174028034911,0.6914175244059604,0.8424657534246576,0.8468927749140885,0.8344697485060004,0.8373585807244218,0.8424657534246576,0.8432878927661196,none,"win10_lstm15x15
w=10, step=5, LSTM=15x15, drop=0.2"
participant_id,win50_lstm64,models/lstm_experiments/participant_id/window_50_step_25/win50_lstm64_lstm_64_dense_none_win_50_step_25_drop_0.3_lr_0.001,50,25,64,1,,0.3,0.001,False,30,66308,13395,12550,0.9990438247011952,0.997669719846998,0.9991065526960311,0.9983784603711242,0.9990438247011952,0.9990448538341402,1.0,1.0,1.0,1.0,1.0,1.0,none,"win50_lstm64
w=50, step=25, LSTM=64, drop=0.3"
participant_id,win10_lstm15x15,models/lstm_experiments/participant_id/window_10_step_5/win10_lstm15x15_lstm_15x15_dense_none_win_10_step_5_drop_0.2_lr_0.001,10,5,15x15,2,,0.2,0.001,False,21,343832,69640,65387,0.9987612216495634,0.9975469960541754,0.9977988582896968,0.997661594682604,0.9987612216495634,0.9987608664742625,1.0,1.0,1.0,1.0,1.0,1.0,none,"win10_lstm15x15
w=10, step=5, LSTM=15x15, drop=0.2"
participant_id,win20_lstm15x15x15,models/lstm_experiments/participant_id/window_20_step_10/win20_lstm15x15x15_lstm_15x15x15_dense_none_win_20_step_10_drop_0.25_lr_0.001,20,10,15x15x15,3,,0.25,0.001,False,13,170383,34480,32377,0.9972511350650153,0.9943299058058012,0.9949220401648933,0.9945911798813888,0.9972511350650153,0.9972519663405548,0.9977777777777778,0.9977777777777778,0.9974358974358974,0.9975172413793103,0.9977777777777778,0.9977716475095786,none,"win20_lstm15x15x15
w=20, step=10, LSTM=15x15x15, drop=0.25"
sex,lstm_64_win_100_step_50_drop_0.3_lr_0.001,models/lstm_experiments/sex/window_100_step_50/lstm_64_win_100_step_50_drop_0.3_lr_0.001,100,50,64,1,,0.3,0.001,False,14,31601,6363,5935,1.0,1.0,1.0,1.0,1.0,1.0,1.0,1.0,1.0,1.0,1.0,1.0,none,"lstm_64_win_100_step_50_drop_0.3_lr_0.001
w=100, step=50, LSTM=64, drop=0.3"
sex,win100_lstm64x32_dense32,models/lstm_experiments/sex/window_100_step_50/win100_lstm64x32_dense32_lstm_64x32_dense_32_win_100_step_50_drop_0.3_lr_0.001,100,50,64x32,2,32.0,0.3,0.001,False,12,31601,6363,5935,1.0,1.0,1.0,1.0,1.0,1.0,1.0,1.0,1.0,1.0,1.0,1.0,32.0,"win100_lstm64x32_dense32
w=100, step=50, LSTM=64x32, drop=0.3"
sex,lstm_64x32_win_100_step_50_drop_0.3_lr_0.001,models/lstm_experiments/sex/window_100_step_50/lstm_64x32_win_100_step_50_drop_0.3_lr_0.001,100,50,64x32,2,,0.3,0.001,False,13,31601,6363,5935,1.0,1.0,1.0,1.0,1.0,1.0,1.0,1.0,1.0,1.0,1.0,1.0,none,"lstm_64x32_win_100_step_50_drop_0.3_lr_0.001
w=100, step=50, LSTM=64x32, drop=0.3"
