task,run_dir,window_size,step_size,lstm_units,dense_units,dropout,learning_rate,bidirectional,epochs,n_train_windows,n_val_windows,n_test_windows,window_accuracy,window_precision_macro,window_recall_macro,window_f1_macro,window_f1_micro,window_f1_weighted,recording_accuracy,recording_precision_macro,recording_recall_macro,recording_f1_macro,recording_f1_micro,recording_f1_weighted
gait_type,C:/Users/KUBA/GitProjects/WKIRO-Project/models/lstm_experiments/gait_type/window_50_step_50/lstm_32_win_50_step_50_drop_0.3_lr_0.001,50,50,32,,0.3,0.001,False,9,33017,6484,7424,0.6959859913793104,0.7272996559413604,0.697796440156438,0.7012939666052779,0.6959859913793104,0.700583939743906,0.7328767123287672,0.7369000002846313,0.7239168036822607,0.7271362435403421,0.7328767123287672,0.7355036061041128
gait_type,C:/Users/KUBA/GitProjects/WKIRO-Project/models/lstm_experiments/gait_type/window_50_step_50/lstm_64_win_50_step_50_drop_0.3_lr_0.001,50,50,64,,0.3,0.001,False,9,33017,6484,7424,0.7215786637931034,0.747696288112538,0.7277320272125807,0.7305236315540558,0.7215786637931034,0.7255233307908286,0.7534246575342466,0.7532655394734219,0.7422720949972892,0.7446774813575834,0.7534246575342466,0.7544393865637851
gait_type,C:/Users/KUBA/GitProjects/WKIRO-Project/models/lstm_experiments/gait_type/window_50_step_50/lstm_64x32_win_50_step_50_drop_0.3_lr_0.001,50,50,64x32,,0.3,0.001,False,11,33017,6484,7424,0.7677801724137931,0.7858148465533701,0.7701721428024524,0.7751623855390323,0.7677801724137931,0.770248493066696,0.815068493150685,0.8133711066295337,0.8086065568772745,0.8089434809519341,0.815068493150685,0.8166344056596297
gait_type,C:/Users/KUBA/GitProjects/WKIRO-Project/models/lstm_experiments/gait_type/window_100_step_50/lstm_32_win_100_step_50_drop_0.3_lr_0.001,100,50,32,,0.3,0.001,False,8,30901,6012,6986,0.7039793873461209,0.7078862201720002,0.6947800329585873,0.6969869486380459,0.7039793873461209,0.706960801373471,0.6453900709219859,0.6545773239586781,0.6447728919534236,0.6478899246893512,0.6453900709219859,0.6478977699921243
gait_type,C:/Users/KUBA/GitProjects/WKIRO-Project/models/lstm_experiments/gait_type/window_100_step_50/lstm_64_win_100_step_50_drop_0.3_lr_0.001,100,50,64,,0.3,0.001,False,11,30901,6012,6986,0.7854279988548526,0.8027884035974683,0.7887695478998882,0.7931057202009344,0.7854279988548526,0.7873256891804536,0.7635933806146572,0.7555775044226988,0.757906751869956,0.7564947176255659,0.7635933806146572,0.762924472308629
gait_type,C:/Users/KUBA/GitProjects/WKIRO-Project/models/lstm_experiments/gait_type/window_100_step_50/lstm_64x32_win_100_step_50_drop_0.3_lr_0.001,100,50,64x32,,0.3,0.001,False,14,30901,6012,6986,0.7722588033209276,0.7681831935659541,0.7642233652524565,0.7650404217446826,0.7722588033209276,0.7732219097552214,0.8534278959810875,0.8575697948051884,0.8502938734546875,0.8511894974221054,0.8534278959810875,0.8530514700718385
sex,C:/Users/KUBA/GitProjects/WKIRO-Project/models/lstm_experiments/sex/window_50_step_50/lstm_32_win_50_step_50_drop_0.3_lr_0.001,50,50,32,,0.3,0.001,False,29,33718,6822,6385,0.9998433829287392,0.999838605551969,0.9998479318734793,0.9998432441224218,0.9998433829287392,0.9998433836592988,1.0,1.0,1.0,1.0,1.0,1.0
sex,C:/Users/KUBA/GitProjects/WKIRO-Project/models/lstm_experiments/sex/window_50_step_50/lstm_64_win_50_step_50_drop_0.3_lr_0.001,50,50,64,,0.3,0.001,False,15,33718,6822,6385,0.9996867658574785,0.9996960486322188,0.9996771068776236,0.9996864794008373,0.9996867658574785,0.9996867628890158,1.0,1.0,1.0,1.0,1.0,1.0
sex,C:/Users/KUBA/GitProjects/WKIRO-Project/models/lstm_experiments/sex/window_50_step_50/lstm_64x32_win_50_step_50_drop_0.3_lr_0.001,50,50,64x32,,0.3,0.001,False,18,33718,6822,6385,0.9998433829287392,0.9998479781088476,0.9998385534388117,0.9998432411821446,0.9998433829287392,0.9998433821904756,1.0,1.0,1.0,1.0,1.0,1.0
sex,C:/Users/KUBA/GitProjects/WKIRO-Project/models/lstm_experiments/sex/window_100_step_50/lstm_32_win_100_step_50_drop_0.3_lr_0.001,100,50,32,,0.3,0.001,False,8,31601,6363,5935,0.9988205560235889,0.9988067322075715,0.998833260452359,0.998819740596341,0.9988205560235889,0.9988205717048821,0.9931506849315068,0.9932555367337976,0.9930183946488295,0.9931317460732301,0.9931506849315068,0.9931498615028861
sex,C:/Users/KUBA/GitProjects/WKIRO-Project/models/lstm_experiments/sex/window_100_step_50/lstm_64_win_100_step_50_drop_0.3_lr_0.001,100,50,64,,0.3,0.001,False,14,31601,6363,5935,1.0,1.0,1.0,1.0,1.0,1.0,1.0,1.0,1.0,1.0,1.0,1.0
sex,C:/Users/KUBA/GitProjects/WKIRO-Project/models/lstm_experiments/sex/window_100_step_50/lstm_64x32_win_100_step_50_drop_0.3_lr_0.001,100,50,64x32,,0.3,0.001,False,13,31601,6363,5935,1.0,1.0,1.0,1.0,1.0,1.0,1.0,1.0,1.0,1.0,1.0,1.0
participant_id,C:/Users/KUBA/GitProjects/WKIRO-Project/models/lstm_experiments/participant_id/window_50_step_50/lstm_32_win_50_step_50_drop_0.3_lr_0.001,50,50,32,,0.3,0.001,False,30,33718,6822,6385,0.9624119028974158,0.9616114198372565,0.9224160419724726,0.9306260023428969,0.9624119028974158,0.9609339520699179,0.8755555555555555,0.9123471997832612,0.8705651619622208,0.8637505843924,0.8755555555555555,0.86851619231749
participant_id,C:/Users/KUBA/GitProjects/WKIRO-Project/models/lstm_experiments/participant_id/window_50_step_50/lstm_64_win_50_step_50_drop_0.3_lr_0.001,50,50,64,,0.3,0.001,False,30,33718,6822,6385,0.9902897415818325,0.9858448702505148,0.9698153998669815,0.9707020782203648,0.9902897415818325,0.9886674425166111,0.9644444444444444,0.9744444444444444,0.9642460317460319,0.9604191305568079,0.9644444444444444,0.9600229980315195
participant_id,C:/Users/KUBA/GitProjects/WKIRO-Project/models/lstm_experiments/participant_id/window_50_step_50/lstm_64x32_win_50_step_50_drop_0.3_lr_0.001,50,50,64x32,,0.3,0.001,False,23,33718,6822,6385,0.99796397807361,0.9965517150918627,0.9963132196126033,0.9963963196649105,0.99796397807361,0.9979614363467937,0.9955555555555555,0.995658263305322,0.9952380952380953,0.9952861952861951,0.9955555555555555,0.995548073325851
participant_id,C:/Users/KUBA/GitProjects/WKIRO-Project/models/lstm_experiments/participant_id/window_100_step_50/lstm_32_win_100_step_50_drop_0.3_lr_0.001,100,50,32,,0.3,0.001,False,17,31601,6363,5935,0.9159224936815501,0.9214954174178107,0.8016017677039086,0.8167400138043247,0.9159224936815501,0.9209058200946026,0.6164383561643836,0.82709775580474,0.6126342912333625,0.6430557607427617,0.6164383561643836,0.64223293405296
participant_id,C:/Users/KUBA/GitProjects/WKIRO-Project/models/lstm_experiments/participant_id/window_100_step_50/lstm_64_win_100_step_50_drop_0.3_lr_0.001,100,50,64,,0.3,0.001,False,30,31601,6363,5935,0.990564448188711,0.9899639209553404,0.9715019194687352,0.9793835124125958,0.990564448188711,0.9903182603566432,0.954337899543379,0.9572894026338298,0.9512728937728939,0.9517296604247,0.954337899543379,0.9542145551973381
participant_id,C:/Users/KUBA/GitProjects/WKIRO-Project/models/lstm_experiments/participant_id/window_100_step_50/lstm_64x32_win_100_step_50_drop_0.3_lr_0.001,100,50,64x32,,0.3,0.001,False,22,31601,6363,5935,0.9942712721145746,0.992052590242782,0.9869288041503094,0.9892233875983744,0.9942712721145746,0.994232565167365,0.9817351598173516,0.9821184371184372,0.9802197802197803,0.9801724792874219,0.9817351598173516,0.9814192775797248
