split,target_name,trials,participants
test,AJ026,13,1
test,BD004,16,1
test,BL025,14,1
test,CF027,14,1
test,CL007,15,1
test,DA013,14,1
test,DC005,17,1
test,GF022,14,1
test,GM001,16,1
test,GQ016,15,1
test,HN021,14,1
test,HS018,14,1
test,JS009,19,1
test,LA014,15,1
test,LD002,16,1
test,LF003,16,1
test,LL011,15,1
test,LM012,14,1
test,MR015,14,1
test,OB010,15,1
test,PC008,19,1
test,PQ006,19,1
test,RC020,14,1
test,RC023,14,1
test,RV028,15,1
test,SA017,14,1
test,SM019,14,1
test,TB030,13,1
test,TK029,14,1
test,YX024,14,1
train,AJ026,63,1
train,BD004,74,1
train,BL025,66,1
train,CF027,66,1
train,CL007,72,1
train,DA013,67,1
train,DC005,80,1
train,GF022,66,1
train,GM001,73,1
train,GQ016,68,1
train,HN021,66,1
train,HS018,66,1
train,JS009,87,1
train,LA014,68,1
train,LD002,74,1
train,LF003,77,1
train,LL011,73,1
train,LM012,67,1
train,MR015,66,1
train,OB010,71,1
train,PC008,92,1
train,PQ006,88,1
train,RC020,64,1
train,RC023,66,1
train,RV028,70,1
train,SA017,66,1
train,SM019,67,1
train,TB030,62,1
train,TK029,67,1
train,YX024,65,1
val,AJ026,14,1
val,BD004,16,1
val,BL025,14,1
val,CF027,14,1
val,CL007,16,1
val,DA013,15,1
val,DC005,17,1
val,GF022,14,1
val,GM001,16,1
val,GQ016,15,1
val,HN021,14,1
val,HS018,14,1
val,JS009,19,1
val,LA014,15,1
val,LD002,16,1
val,LF003,17,1
val,LL011,16,1
val,LM012,15,1
val,MR015,14,1
val,OB010,15,1
val,PC008,20,1
val,PQ006,19,1
val,RC020,14,1
val,RC023,14,1
val,RV028,15,1
val,SA017,14,1
val,SM019,15,1
val,TB030,13,1
val,TK029,15,1
val,YX024,14,1
